TengRotter_phi0,TengRotter_q
15,75.89742396
20,56.29627992
30,43.07692518
40,41.93732051
50,41.02564303
60,41.02564303
